,rentaldate,occupancy
0,2017-02-15,6.25
1,2017-02-16,6.5625
2,2017-02-17,7.1875
3,2017-02-18,11.5625
4,2017-02-19,14.6875
5,2017-02-20,9.0625
6,2017-02-21,10.3125
7,2017-02-22,10.0
8,2017-02-23,8.75
9,2017-02-24,15.9375
10,2017-02-25,18.4375
11,2017-02-26,13.75
12,2017-02-27,11.25
13,2017-02-28,13.125
14,2017-03-01,14.6875
15,2017-03-02,12.8125
16,2017-03-03,12.5
17,2017-03-04,14.0625
18,2017-03-05,14.375
19,2017-03-06,13.125
20,2017-03-07,14.0625
21,2017-03-08,14.375
22,2017-03-09,13.75
23,2017-03-10,14.375
24,2017-03-11,15.3125
25,2017-03-12,16.25
26,2017-03-13,13.4375
27,2017-03-14,14.0625
28,2017-03-15,11.5625
29,2017-03-16,14.0625
30,2017-03-17,18.75
31,2017-03-18,17.1875
32,2017-03-19,12.5
33,2017-03-20,14.375
34,2017-03-21,11.25
35,2017-03-22,8.75
36,2017-03-23,13.75
37,2017-03-24,18.4375
38,2017-03-25,16.875
39,2017-03-26,15.3125
40,2017-03-27,15.9375
41,2017-03-28,20.625
42,2017-03-29,15.3125
43,2017-03-30,16.25
44,2017-03-31,18.4375
45,2017-04-01,15.9375
46,2017-04-02,16.5625
47,2017-04-03,16.25
48,2017-04-04,14.0625
49,2017-04-05,14.375
50,2017-04-06,13.75
51,2017-04-07,18.4375
52,2017-04-08,17.8125
53,2017-04-09,17.1875
54,2017-04-10,12.5
55,2017-04-11,12.1875
56,2017-04-12,14.375
57,2017-04-13,12.8125
58,2017-04-14,14.375
59,2017-04-15,17.1875
60,2017-04-16,16.5625
61,2017-04-17,13.4375
62,2017-04-18,10.9375
63,2017-04-19,10.3125
64,2017-04-20,11.25
65,2017-04-21,13.4375
66,2017-04-22,17.1875
67,2017-04-23,16.25
68,2017-04-24,14.0625
69,2017-04-25,10.9375
70,2017-04-26,9.6875
71,2017-04-27,7.8125
72,2017-04-28,12.5
73,2017-04-29,20.3125
74,2017-04-30,15.625
75,2017-05-01,12.5
76,2017-05-02,12.8125
77,2017-05-03,16.5625
78,2017-05-04,15.0
79,2017-05-05,16.25
80,2017-05-06,19.6875
81,2017-05-07,16.25
82,2017-05-08,15.625
83,2017-05-09,11.25
84,2017-05-10,11.25
85,2017-05-11,12.5
86,2017-05-12,13.75
87,2017-05-13,18.4375
88,2017-05-14,16.5625
89,2017-05-15,11.5625
90,2017-05-16,9.375
91,2017-05-17,5.9375
92,2017-05-18,6.25
93,2017-05-19,14.6875
94,2017-05-20,15.3125
95,2017-05-21,20.0
96,2017-05-22,20.9375
97,2017-05-23,12.5
98,2017-05-24,15.9375
99,2017-05-25,14.6875
100,2017-05-26,13.75
101,2017-05-27,19.0625
102,2017-05-28,18.75
103,2017-05-29,15.9375
104,2017-05-30,14.6875
105,2017-05-31,16.25
106,2017-06-01,15.3125
107,2017-06-02,18.75
108,2017-06-03,23.4375
109,2017-06-04,26.25
110,2017-06-05,19.0625
111,2017-06-06,16.5625
112,2017-06-07,16.5625
113,2017-06-08,21.5625
114,2017-06-09,21.25
115,2017-06-10,15.0
116,2017-06-11,21.25
117,2017-06-12,16.25
118,2017-06-13,15.9375
119,2017-06-14,19.0625
120,2017-06-15,24.6875
121,2017-06-16,22.1875
122,2017-06-17,20.9375
123,2017-06-18,22.1875
124,2017-06-19,25.625
125,2017-06-20,20.3125
126,2017-06-21,23.125
127,2017-06-22,20.9375
128,2017-06-23,23.4375
129,2017-06-24,26.5625
130,2017-06-25,27.1875
131,2017-06-26,24.375
132,2017-06-27,19.375
133,2017-06-28,23.4375
134,2017-06-29,18.125
135,2017-06-30,17.1875
136,2017-07-01,23.125
137,2017-07-02,16.875
138,2017-07-03,17.5
139,2017-07-04,13.125
140,2017-07-05,10.3125
141,2017-07-06,7.5
142,2017-07-07,8.75
143,2017-07-08,15.625
144,2017-07-09,17.8125
145,2017-07-10,12.8125
146,2017-07-11,14.375
147,2017-07-12,12.1875
148,2017-07-13,11.875
149,2017-07-14,11.5625
150,2017-07-15,13.75
151,2017-07-16,11.25
152,2017-07-17,8.4375
153,2017-07-18,13.75
154,2017-07-19,16.5625
155,2017-07-20,17.5
156,2017-07-21,21.25
157,2017-07-22,16.5625
158,2017-07-23,10.3125
159,2017-07-24,11.5625
160,2017-07-25,10.0
161,2017-07-26,10.0
162,2017-07-27,10.0
163,2017-07-28,10.625
164,2017-07-29,11.875
165,2017-07-30,12.1875
166,2017-07-31,10.3125
167,2017-08-01,8.4375
168,2017-08-02,6.25
169,2017-08-03,6.5625
170,2017-08-04,8.4375
171,2017-08-05,15.9375
172,2017-08-06,16.875
173,2017-08-07,8.75
174,2017-08-08,7.1875
175,2017-08-09,9.0625
176,2017-08-10,9.6875
177,2017-08-11,11.875
178,2017-08-12,23.4375
179,2017-08-13,27.1875
180,2017-08-14,25.625
181,2017-08-15,21.5625
182,2017-08-16,14.375
183,2017-08-17,9.0625
184,2017-08-18,15.625
185,2017-08-19,17.8125
186,2017-08-20,14.6875
187,2017-08-21,12.8125
188,2017-08-22,10.3125
189,2017-08-23,6.875
190,2017-08-24,8.125
191,2017-08-25,9.6875
192,2017-08-26,14.375
193,2017-08-27,13.4375
194,2017-08-28,9.6875
195,2017-08-29,11.875
196,2017-08-30,10.625
197,2017-08-31,14.0625
198,2017-09-01,16.5625
199,2017-09-02,16.5625
200,2017-09-03,16.25
201,2017-09-04,14.375
202,2017-09-05,11.5625
203,2017-09-06,11.5625
204,2017-09-07,11.5625
205,2017-09-08,12.1875
206,2017-09-09,16.875
207,2017-09-10,17.5
208,2017-09-11,12.8125
209,2017-09-12,7.8125
210,2017-09-13,7.8125
211,2017-09-14,11.5625
212,2017-09-15,15.9375
213,2017-09-16,17.8125
214,2017-09-17,17.1875
215,2017-09-18,11.875
216,2017-09-19,19.375
217,2017-09-20,19.375
218,2017-09-21,7.8125
219,2017-09-22,10.3125
220,2017-09-23,14.6875
221,2017-09-24,15.0
222,2017-09-25,13.4375
223,2017-09-26,12.8125
224,2017-09-27,9.6875
225,2017-09-28,10.3125
226,2017-09-29,20.625
227,2017-09-30,20.0
228,2017-10-01,19.0625
229,2017-10-02,20.0
230,2017-10-03,17.8125
231,2017-10-04,11.25
232,2017-10-05,14.0625
233,2017-10-06,20.3125
234,2017-10-07,22.8125
235,2017-10-08,24.375
236,2017-10-09,18.75
237,2017-10-10,15.3125
238,2017-10-11,15.625
239,2017-10-12,17.1875
240,2017-10-13,16.875
241,2017-10-14,22.8125
242,2017-10-15,23.75
243,2017-10-16,15.3125
244,2017-10-17,12.1875
245,2017-10-18,15.0
246,2017-10-19,21.25
247,2017-10-20,24.6875
248,2017-10-21,23.125
249,2017-10-22,17.8125
250,2017-10-23,19.6875
251,2017-10-24,20.9375
252,2017-10-25,15.625
253,2017-10-26,17.8125
254,2017-10-27,20.9375
255,2017-10-28,20.625
256,2017-10-29,14.6875
257,2017-10-30,14.6875
258,2017-10-31,17.1875
259,2017-11-01,18.4375
260,2017-11-02,18.75
261,2017-11-03,17.5
262,2017-11-04,17.8125
263,2017-11-05,22.5
264,2017-11-06,20.0
265,2017-11-07,16.875
266,2017-11-08,16.25
267,2017-11-09,14.6875
268,2017-11-10,15.625
269,2017-11-11,15.0
270,2017-11-12,16.875
271,2017-11-13,16.5625
272,2017-11-14,17.1875
273,2017-11-15,18.125
274,2017-11-16,16.875
275,2017-11-17,17.1875
276,2017-11-18,18.125
277,2017-11-19,21.5625
278,2017-11-20,20.625
279,2017-11-21,16.5625
280,2017-11-22,15.9375
281,2017-11-23,16.5625
282,2017-11-24,18.125
283,2017-11-25,21.875
284,2017-11-26,22.1875
285,2017-11-27,19.0625
286,2017-11-28,17.5
287,2017-11-29,13.75
288,2017-11-30,16.25
289,2017-12-01,16.25
290,2017-12-02,18.125
291,2017-12-03,15.625
292,2017-12-04,12.1875
293,2017-12-05,11.25
294,2017-12-06,10.0
295,2017-12-07,14.6875
296,2017-12-08,14.0625
297,2017-12-09,20.3125
298,2017-12-10,19.0625
299,2017-12-11,13.125
300,2017-12-12,9.0625
301,2017-12-13,20.0
302,2017-12-14,21.5625
303,2017-12-15,19.6875
304,2017-12-16,20.3125
305,2017-12-17,12.5
306,2017-12-18,10.625
307,2017-12-19,10.3125
308,2017-12-20,10.0
309,2017-12-21,8.125
310,2017-12-22,9.375
311,2017-12-23,17.5
312,2017-12-24,22.8125
313,2017-12-25,22.1875
314,2017-12-26,19.6875
315,2017-12-27,19.375
316,2017-12-28,13.4375
317,2017-12-29,15.9375
318,2017-12-30,20.3125
319,2017-12-31,19.375
320,2018-01-01,19.0625
321,2018-01-02,14.375
322,2018-01-03,8.75
323,2018-01-04,16.5625
324,2018-01-05,16.875
325,2018-01-06,12.8125
326,2018-01-07,15.9375
327,2018-01-08,10.625
328,2018-01-09,10.9375
329,2018-01-10,10.9375
330,2018-01-11,10.9375
331,2018-01-12,13.125
332,2018-01-13,14.0625
333,2018-01-14,12.5
334,2018-01-15,10.3125
335,2018-01-16,9.0625
336,2018-01-17,11.25
337,2018-01-18,11.25
338,2018-01-19,15.0
339,2018-01-20,15.3125
340,2018-01-21,14.375
341,2018-01-22,14.0625
342,2018-01-23,13.125
343,2018-01-24,12.1875
344,2018-01-25,17.8125
345,2018-01-26,24.375
346,2018-01-27,22.5
347,2018-01-28,25.0
348,2018-01-29,20.9375
349,2018-01-30,17.1875
350,2018-01-31,14.0625
351,2018-02-01,13.4375
352,2018-02-02,18.125
353,2018-02-03,24.0625
354,2018-02-04,22.1875
355,2018-02-05,16.25
356,2018-02-06,16.25
357,2018-02-07,16.875
358,2018-02-08,18.125
359,2018-02-09,22.1875
360,2018-02-10,22.5
361,2018-02-11,23.75
362,2018-02-12,20.0
363,2018-02-13,21.5625
364,2018-02-14,19.375
365,2018-02-15,20.9375
366,2018-02-16,17.5
367,2018-02-17,20.9375
368,2018-02-18,19.6875
369,2018-02-19,25.3125
370,2018-02-20,18.125
371,2018-02-21,20.3125
372,2018-02-22,24.6875
373,2018-02-23,29.0625
374,2018-02-24,27.5
375,2018-02-25,29.375
376,2018-02-26,28.4375
377,2018-02-27,30.0
378,2018-02-28,36.25
379,2018-03-01,33.125
380,2018-03-02,31.5625
381,2018-03-03,35.9375
382,2018-03-04,38.75
383,2018-03-05,31.875
384,2018-03-06,31.25
385,2018-03-07,29.6875
386,2018-03-08,29.0625
387,2018-03-09,30.9375
388,2018-03-10,33.125
389,2018-03-11,30.625
390,2018-03-12,29.0625
391,2018-03-13,33.125
392,2018-03-14,31.875
393,2018-03-15,32.5
394,2018-03-16,35.0
395,2018-03-17,36.5625
396,2018-03-18,32.1875
397,2018-03-19,26.25
398,2018-03-20,26.875
399,2018-03-21,27.5
400,2018-03-22,27.5
401,2018-03-23,31.25
402,2018-03-24,29.6875
403,2018-03-25,32.8125
404,2018-03-26,33.4375
405,2018-03-27,31.875
406,2018-03-28,32.8125
407,2018-03-29,34.375
408,2018-03-30,41.875
409,2018-03-31,39.0625
410,2018-04-01,35.625
411,2018-04-02,34.0625
412,2018-04-03,34.0625
413,2018-04-04,39.0625
414,2018-04-05,33.4375
415,2018-04-06,38.4375
416,2018-04-07,49.6875
417,2018-04-08,35.9375
418,2018-04-09,30.3125
419,2018-04-10,30.3125
420,2018-04-11,25.9375
421,2018-04-12,26.5625
422,2018-04-13,33.125
423,2018-04-14,37.1875
424,2018-04-15,39.0625
425,2018-04-16,33.4375
426,2018-04-17,30.0
427,2018-04-18,25.9375
428,2018-04-19,25.625
429,2018-04-20,27.1875
430,2018-04-21,33.75
431,2018-04-22,37.5
432,2018-04-23,30.3125
433,2018-04-24,32.5
434,2018-04-25,29.6875
435,2018-04-26,26.25
436,2018-04-27,27.1875
437,2018-04-28,33.4375
438,2018-04-29,36.875
439,2018-04-30,33.125
440,2018-05-01,28.4375
441,2018-05-02,25.625
442,2018-05-03,23.75
443,2018-05-04,27.1875
444,2018-05-05,40.0
445,2018-05-06,43.125
446,2018-05-07,34.6875
447,2018-05-08,31.875
448,2018-05-09,27.5
449,2018-05-10,22.1875
450,2018-05-11,26.875
451,2018-05-12,32.5
452,2018-05-13,34.375
453,2018-05-14,28.125
454,2018-05-15,25.9375
455,2018-05-16,25.3125
456,2018-05-17,24.6875
457,2018-05-18,28.75
458,2018-05-19,33.4375
459,2018-05-20,32.5
460,2018-05-21,28.125
461,2018-05-22,25.0
462,2018-05-23,26.25
463,2018-05-24,32.5
464,2018-05-25,38.4375
465,2018-05-26,34.375
466,2018-05-27,35.625
467,2018-05-28,42.1875
468,2018-05-29,32.1875
469,2018-05-30,31.25
470,2018-05-31,27.1875
471,2018-06-01,28.4375
472,2018-06-02,37.5
473,2018-06-03,40.9375
474,2018-06-04,39.0625
475,2018-06-05,37.5
476,2018-06-06,33.4375
477,2018-06-07,39.0625
478,2018-06-08,34.6875
479,2018-06-09,31.875
480,2018-06-10,35.9375
481,2018-06-11,35.0
482,2018-06-12,31.5625
483,2018-06-13,30.625
484,2018-06-14,34.0625
485,2018-06-15,37.1875
486,2018-06-16,37.8125
487,2018-06-17,36.875
488,2018-06-18,36.25
489,2018-06-19,38.75
490,2018-06-20,31.875
491,2018-06-21,30.3125
492,2018-06-22,38.4375
493,2018-06-23,35.9375
494,2018-06-24,31.875
495,2018-06-25,32.1875
496,2018-06-26,39.375
497,2018-06-27,33.4375
498,2018-06-28,28.75
499,2018-06-29,28.4375
500,2018-06-30,29.0625
501,2018-07-01,26.25
502,2018-07-02,20.9375
503,2018-07-03,21.5625
504,2018-07-04,19.375
505,2018-07-05,17.5
506,2018-07-06,17.1875
507,2018-07-07,23.75
508,2018-07-08,25.9375
509,2018-07-09,24.375
510,2018-07-10,18.4375
511,2018-07-11,17.1875
512,2018-07-12,20.625
513,2018-07-13,21.5625
514,2018-07-14,22.1875
515,2018-07-15,22.1875
516,2018-07-16,19.375
517,2018-07-17,19.6875
518,2018-07-18,21.25
519,2018-07-19,21.875
520,2018-07-20,22.8125
521,2018-07-21,24.375
522,2018-07-22,23.125
523,2018-07-23,22.5
524,2018-07-24,23.125
525,2018-07-25,23.75
526,2018-07-26,25.625
527,2018-07-27,27.5
528,2018-07-28,30.3125
529,2018-07-29,31.25
530,2018-07-30,27.5
531,2018-07-31,23.4375
532,2018-08-01,18.4375
533,2018-08-02,20.625
534,2018-08-03,27.5
535,2018-08-04,28.4375
536,2018-08-05,33.125
537,2018-08-06,37.5
538,2018-08-07,33.125
539,2018-08-08,32.1875
540,2018-08-09,24.375
541,2018-08-10,19.0625
542,2018-08-11,26.25
543,2018-08-12,25.3125
544,2018-08-13,20.0
545,2018-08-14,16.875
546,2018-08-15,16.5625
547,2018-08-16,16.875
548,2018-08-17,23.125
549,2018-08-18,24.0625
550,2018-08-19,20.625
551,2018-08-20,14.6875
552,2018-08-21,16.25
553,2018-08-22,19.0625
554,2018-08-23,18.4375
555,2018-08-24,16.875
556,2018-08-25,15.625
557,2018-08-26,15.0
558,2018-08-27,18.4375
559,2018-08-28,18.4375
560,2018-08-29,17.5
561,2018-08-30,15.9375
562,2018-08-31,23.125
563,2018-09-01,23.125
564,2018-09-02,22.5
565,2018-09-03,16.5625
566,2018-09-04,14.6875
567,2018-09-05,15.0
568,2018-09-06,15.3125
569,2018-09-07,16.875
570,2018-09-08,17.1875
571,2018-09-09,18.75
572,2018-09-10,20.9375
573,2018-09-11,21.25
574,2018-09-12,20.9375
575,2018-09-13,18.75
576,2018-09-14,17.8125
577,2018-09-15,17.5
578,2018-09-16,19.375
579,2018-09-17,18.4375
580,2018-09-18,17.1875
581,2018-09-19,16.5625
582,2018-09-20,17.5
583,2018-09-21,22.1875
584,2018-09-22,27.1875
585,2018-09-23,27.8125
586,2018-09-24,22.5
587,2018-09-25,23.4375
588,2018-09-26,26.5625
589,2018-09-27,25.9375
590,2018-09-28,29.6875
591,2018-09-29,34.6875
592,2018-09-30,44.375
593,2018-10-01,40.9375
594,2018-10-02,36.5625
595,2018-10-03,33.4375
596,2018-10-04,32.5
597,2018-10-05,34.6875
598,2018-10-06,27.1875
599,2018-10-07,28.75
600,2018-10-08,29.6875
601,2018-10-09,29.375
602,2018-10-10,27.1875
603,2018-10-11,24.6875
604,2018-10-12,31.5625
605,2018-10-13,30.0
606,2018-10-14,25.625
607,2018-10-15,25.0
608,2018-10-16,24.6875
609,2018-10-17,31.5625
610,2018-10-18,32.8125
611,2018-10-19,35.9375
612,2018-10-20,39.0625
613,2018-10-21,34.375
614,2018-10-22,25.9375
615,2018-10-23,25.0
616,2018-10-24,30.625
617,2018-10-25,30.0
618,2018-10-26,29.0625
619,2018-10-27,31.875
620,2018-10-28,35.0
621,2018-10-29,34.0625
622,2018-10-30,29.6875
623,2018-10-31,27.1875
624,2018-11-01,27.5
625,2018-11-02,29.0625
626,2018-11-03,31.875
627,2018-11-04,35.3125
628,2018-11-05,31.25
629,2018-11-06,29.375
630,2018-11-07,30.0
631,2018-11-08,30.625
632,2018-11-09,29.0625
633,2018-11-10,30.625
634,2018-11-11,31.5625
635,2018-11-12,27.8125
636,2018-11-13,25.3125
637,2018-11-14,22.5
638,2018-11-15,20.0
639,2018-11-16,22.8125
640,2018-11-17,26.875
641,2018-11-18,25.0
642,2018-11-19,23.125
643,2018-11-20,26.875
644,2018-11-21,27.8125
645,2018-11-22,25.9375
646,2018-11-23,30.0
647,2018-11-24,27.8125
648,2018-11-25,29.6875
649,2018-11-26,26.875
650,2018-11-27,21.25
651,2018-11-28,21.25
652,2018-11-29,22.1875
653,2018-11-30,25.625
654,2018-12-01,27.5
655,2018-12-02,28.75
656,2018-12-03,23.125
657,2018-12-04,23.4375
658,2018-12-05,23.125
659,2018-12-06,23.4375
660,2018-12-07,25.0
661,2018-12-08,27.1875
662,2018-12-09,27.1875
663,2018-12-10,25.9375
664,2018-12-11,24.6875
665,2018-12-12,23.75
666,2018-12-13,26.5625
667,2018-12-14,32.8125
668,2018-12-15,33.75
669,2018-12-16,34.375
670,2018-12-17,29.0625
671,2018-12-18,23.4375
672,2018-12-19,22.1875
673,2018-12-20,31.875
674,2018-12-21,34.0625
675,2018-12-22,30.3125
676,2018-12-23,26.5625
677,2018-12-24,30.625
678,2018-12-25,28.4375
679,2018-12-26,25.0
680,2018-12-27,24.6875
681,2018-12-28,34.0625
682,2018-12-29,43.125
683,2018-12-30,45.0
684,2018-12-31,43.4375
685,2019-01-01,43.4375
686,2019-01-02,31.875
687,2019-01-03,21.25
688,2019-01-04,16.875
689,2019-01-05,20.0
690,2019-01-06,25.625
691,2019-01-07,26.875
692,2019-01-08,22.5
693,2019-01-09,18.4375
694,2019-01-10,14.375
695,2019-01-11,18.75
696,2019-01-12,21.5625
697,2019-01-13,20.3125
698,2019-01-14,19.6875
699,2019-01-15,17.1875
700,2019-01-16,16.5625
701,2019-01-17,15.9375
702,2019-01-18,18.125
703,2019-01-19,20.0
704,2019-01-20,25.625
705,2019-01-21,21.875
706,2019-01-22,22.8125
707,2019-01-23,22.5
708,2019-01-24,22.8125
709,2019-01-25,24.6875
710,2019-01-26,29.6875
711,2019-01-27,30.0
712,2019-01-28,23.75
713,2019-01-29,23.4375
714,2019-01-30,24.6875
715,2019-01-31,22.5
716,2019-02-01,22.8125
717,2019-02-02,23.4375
718,2019-02-03,22.8125
719,2019-02-04,29.375
720,2019-02-05,29.6875
721,2019-02-06,21.5625
722,2019-02-07,20.625
723,2019-02-08,21.5625
724,2019-02-09,27.5
725,2019-02-10,31.25
726,2019-02-11,27.5
727,2019-02-12,28.125
728,2019-02-13,30.9375
729,2019-02-14,26.25
730,2019-02-15,31.5625
731,2019-02-16,35.3125
732,2019-02-17,41.5625
733,2019-02-18,34.375
734,2019-02-19,30.3125
735,2019-02-20,23.4375
736,2019-02-21,25.9375
737,2019-02-22,36.5625
738,2019-02-23,35.625
739,2019-02-24,35.625
740,2019-02-25,35.625
741,2019-02-26,30.625
742,2019-02-27,33.125
743,2019-02-28,35.9375
744,2019-03-01,39.0625
745,2019-03-02,38.4375
746,2019-03-03,39.375
747,2019-03-04,31.875
748,2019-03-05,25.3125
749,2019-03-06,25.625
750,2019-03-07,28.4375
751,2019-03-08,32.8125
752,2019-03-09,32.5
753,2019-03-10,33.125
754,2019-03-11,26.5625
755,2019-03-12,23.75
756,2019-03-13,26.875
757,2019-03-14,30.625
758,2019-03-15,34.375
759,2019-03-16,35.625
760,2019-03-17,30.9375
761,2019-03-18,33.4375
762,2019-03-19,27.1875
763,2019-03-20,32.5
764,2019-03-21,31.5625
765,2019-03-22,33.125
766,2019-03-23,32.5
767,2019-03-24,26.875
768,2019-03-25,22.1875
769,2019-03-26,24.6875
770,2019-03-27,26.875
771,2019-03-28,27.8125
772,2019-03-29,26.875
773,2019-03-30,28.4375
774,2019-03-31,33.125
775,2019-04-01,28.4375
776,2019-04-02,26.5625
777,2019-04-03,24.6875
778,2019-04-04,24.0625
779,2019-04-05,27.8125
780,2019-04-06,34.6875
781,2019-04-07,37.1875
782,2019-04-08,28.125
783,2019-04-09,23.75
784,2019-04-10,23.125
785,2019-04-11,28.4375
786,2019-04-12,28.75
787,2019-04-13,28.75
788,2019-04-14,32.8125
789,2019-04-15,31.5625
790,2019-04-16,29.375
791,2019-04-17,25.9375
792,2019-04-18,29.6875
793,2019-04-19,36.25
794,2019-04-20,32.8125
795,2019-04-21,28.75
796,2019-04-22,25.0
797,2019-04-23,25.625
798,2019-04-24,29.375
799,2019-04-25,28.75
800,2019-04-26,28.125
801,2019-04-27,30.0
802,2019-04-28,34.375
803,2019-04-29,33.125
804,2019-04-30,28.4375
805,2019-05-01,26.5625
806,2019-05-02,24.6875
807,2019-05-03,23.4375
808,2019-05-04,30.9375
809,2019-05-05,34.6875
810,2019-05-06,21.25
811,2019-05-07,19.6875
812,2019-05-08,20.625
813,2019-05-09,23.75
814,2019-05-10,30.0
815,2019-05-11,32.5
816,2019-05-12,25.625
817,2019-05-13,21.25
818,2019-05-14,30.625
819,2019-05-15,25.3125
820,2019-05-16,24.0625
821,2019-05-17,26.5625
822,2019-05-18,38.125
823,2019-05-19,40.625
824,2019-05-20,33.125
825,2019-05-21,29.375
826,2019-05-22,30.3125
827,2019-05-23,31.25
828,2019-05-24,30.3125
829,2019-05-25,31.875
830,2019-05-26,34.6875
831,2019-05-27,34.6875
832,2019-05-28,31.5625
833,2019-05-29,25.0
834,2019-05-30,30.0
835,2019-05-31,34.6875
836,2019-06-01,34.6875
837,2019-06-02,37.5
838,2019-06-03,39.0625
839,2019-06-04,34.375
840,2019-06-05,36.25
841,2019-06-06,38.125
842,2019-06-07,35.625
843,2019-06-08,33.75
844,2019-06-09,39.6875
845,2019-06-10,39.6875
846,2019-06-11,37.5
847,2019-06-12,39.375
848,2019-06-13,35.3125
849,2019-06-14,32.8125
850,2019-06-15,36.875
851,2019-06-16,42.5
852,2019-06-17,41.25
853,2019-06-18,28.125
854,2019-06-19,31.5625
855,2019-06-20,33.4375
856,2019-06-21,38.125
857,2019-06-22,44.0625
858,2019-06-23,37.5
859,2019-06-24,33.4375
860,2019-06-25,31.25
861,2019-06-26,33.125
862,2019-06-27,34.0625
863,2019-06-28,35.0
864,2019-06-29,43.4375
865,2019-06-30,42.8125
866,2019-07-01,26.5625
867,2019-07-02,20.3125
868,2019-07-03,19.375
869,2019-07-04,19.0625
870,2019-07-05,29.375
871,2019-07-06,31.5625
872,2019-07-07,29.6875
873,2019-07-08,33.4375
874,2019-07-09,30.3125
875,2019-07-10,31.25
876,2019-07-11,27.5
877,2019-07-12,22.1875
878,2019-07-13,28.125
879,2019-07-14,27.1875
880,2019-07-15,24.0625
881,2019-07-16,23.4375
882,2019-07-17,24.0625
883,2019-07-18,23.125
884,2019-07-19,22.8125
885,2019-07-20,24.6875
886,2019-07-21,25.625
887,2019-07-22,24.375
888,2019-07-23,21.875
889,2019-07-24,23.125
890,2019-07-25,25.0
891,2019-07-26,21.875
892,2019-07-27,25.3125
893,2019-07-28,27.1875
894,2019-07-29,26.875
895,2019-07-30,25.3125
896,2019-07-31,27.1875
897,2019-08-01,25.625
898,2019-08-02,25.9375
899,2019-08-03,27.8125
900,2019-08-04,27.5
901,2019-08-05,27.8125
902,2019-08-06,23.75
903,2019-08-07,20.0
904,2019-08-08,20.9375
905,2019-08-09,24.6875
906,2019-08-10,27.8125
907,2019-08-11,26.875
908,2019-08-12,24.6875
909,2019-08-13,21.5625
910,2019-08-14,17.1875
911,2019-08-15,22.5
912,2019-08-16,23.75
913,2019-08-17,27.8125
914,2019-08-18,32.1875
915,2019-08-19,28.4375
916,2019-08-20,23.4375
917,2019-08-21,20.625
918,2019-08-22,21.5625
919,2019-08-23,22.8125
920,2019-08-24,22.8125
921,2019-08-25,23.4375
922,2019-08-26,19.6875
923,2019-08-27,16.5625
924,2019-08-28,14.375
925,2019-08-29,15.625
926,2019-08-30,17.5
927,2019-08-31,20.3125
928,2019-09-01,20.9375
929,2019-09-02,18.125
930,2019-09-03,15.0
931,2019-09-04,17.5
932,2019-09-05,18.125
933,2019-09-06,19.6875
934,2019-09-07,19.375
935,2019-09-08,20.0
936,2019-09-09,24.375
937,2019-09-10,21.875
938,2019-09-11,17.5
939,2019-09-12,16.5625
940,2019-09-13,22.1875
941,2019-09-14,25.9375
942,2019-09-15,23.4375
943,2019-09-16,19.375
944,2019-09-17,18.125
945,2019-09-18,16.875
946,2019-09-19,17.1875
947,2019-09-20,19.0625
948,2019-09-21,19.375
949,2019-09-22,18.75
950,2019-09-23,19.6875
951,2019-09-24,16.875
952,2019-09-25,18.125
953,2019-09-26,21.25
954,2019-09-27,23.125
955,2019-09-28,29.375
956,2019-09-29,27.5
957,2019-09-30,17.5
958,2019-10-01,15.625
959,2019-10-02,23.75
960,2019-10-03,20.0
961,2019-10-04,24.375
962,2019-10-05,30.3125
963,2019-10-06,25.3125
964,2019-10-07,26.25
965,2019-10-08,27.5
966,2019-10-09,20.625
967,2019-10-10,18.125
968,2019-10-11,28.4375
969,2019-10-12,23.125
970,2019-10-13,27.8125
971,2019-10-14,18.4375
972,2019-10-15,22.5
973,2019-10-16,25.0
974,2019-10-17,21.5625
975,2019-10-18,23.4375
976,2019-10-19,34.0625
977,2019-10-20,34.0625
978,2019-10-21,28.4375
979,2019-10-22,22.5
980,2019-10-23,25.9375
981,2019-10-24,28.4375
982,2019-10-25,32.1875
983,2019-10-26,33.125
984,2019-10-27,32.1875
985,2019-10-28,28.4375
986,2019-10-29,21.25
987,2019-10-30,22.5
988,2019-10-31,23.125
989,2019-11-01,25.3125
990,2019-11-02,26.875
991,2019-11-03,27.5
992,2019-11-04,21.5625
993,2019-11-05,13.4375
994,2019-11-06,14.375
995,2019-11-07,15.625
996,2019-11-08,15.3125
997,2019-11-09,23.4375
998,2019-11-10,25.0
999,2019-11-11,23.75
1000,2019-11-12,22.8125
1001,2019-11-13,15.3125
1002,2019-11-14,17.1875
1003,2019-11-15,17.5
1004,2019-11-16,21.875
1005,2019-11-17,20.625
1006,2019-11-18,18.4375
1007,2019-11-19,18.4375
1008,2019-11-20,22.8125
1009,2019-11-21,20.0
1010,2019-11-22,18.125
1011,2019-11-23,19.6875
1012,2019-11-24,17.5
1013,2019-11-25,17.1875
1014,2019-11-26,17.1875
1015,2019-11-27,18.75
1016,2019-11-28,19.6875
1017,2019-11-29,23.4375
1018,2019-11-30,26.25
1019,2019-12-01,25.9375
1020,2019-12-02,18.125
1021,2019-12-03,15.9375
1022,2019-12-04,14.6875
1023,2019-12-05,15.3125
1024,2019-12-06,15.3125
1025,2019-12-07,21.25
1026,2019-12-08,22.5
1027,2019-12-09,22.1875
1028,2019-12-10,18.125
1029,2019-12-11,22.5
1030,2019-12-12,24.6875
1031,2019-12-13,23.75
1032,2019-12-14,20.0
1033,2019-12-15,21.25
1034,2019-12-16,18.4375
1035,2019-12-17,10.625
1036,2019-12-18,13.75
1037,2019-12-19,12.8125
1038,2019-12-20,14.6875
1039,2019-12-21,25.0
1040,2019-12-22,23.4375
1041,2019-12-23,20.0
1042,2019-12-24,23.125
1043,2019-12-25,26.875
1044,2019-12-26,22.1875
1045,2019-12-27,34.375
1046,2019-12-28,29.375
1047,2019-12-29,29.375
1048,2019-12-30,30.0
1049,2019-12-31,30.625
1050,2020-01-01,31.5625
1051,2020-01-02,27.8125
1052,2020-01-03,27.1875
1053,2020-01-04,25.3125
1054,2020-01-05,20.3125
1055,2020-01-06,17.1875
1056,2020-01-07,14.0625
1057,2020-01-08,14.6875
1058,2020-01-09,15.3125
1059,2020-01-10,18.4375
1060,2020-01-11,23.125
1061,2020-01-12,19.375
1062,2020-01-13,16.5625
1063,2020-01-14,11.25
1064,2020-01-15,13.75
1065,2020-01-16,19.0625
1066,2020-01-17,24.6875
1067,2020-01-18,18.75
1068,2020-01-19,14.375
1069,2020-01-20,12.8125
1070,2020-01-21,11.5625
1071,2020-01-22,11.875
1072,2020-01-23,15.3125
1073,2020-01-24,15.3125
1074,2020-01-25,16.875
1075,2020-01-26,17.1875
1076,2020-01-27,19.375
1077,2020-01-28,20.0
1078,2020-01-29,15.9375
1079,2020-01-30,18.125
1080,2020-01-31,20.0
1081,2020-02-01,24.0625
1082,2020-02-02,23.75
1083,2020-02-03,19.0625
1084,2020-02-04,17.5
1085,2020-02-05,16.25
1086,2020-02-06,18.75
1087,2020-02-07,18.4375
1088,2020-02-08,21.25
1089,2020-02-09,16.25
1090,2020-02-10,16.25
1091,2020-02-11,15.0
1092,2020-02-12,13.125
1093,2020-02-13,15.3125
1094,2020-02-14,22.5
1095,2020-02-15,24.6875
1096,2020-02-16,27.8125
1097,2020-02-17,26.5625
1098,2020-02-18,28.4375
1099,2020-02-19,24.375
1100,2020-02-20,22.8125
1101,2020-02-21,26.875
1102,2020-02-22,28.75
1103,2020-02-23,32.1875
1104,2020-02-24,29.375
1105,2020-02-25,24.6875
1106,2020-02-26,26.5625
1107,2020-02-27,24.6875
1108,2020-02-28,24.6875
1109,2020-02-29,26.5625
1110,2020-03-01,28.75
1111,2020-03-02,29.0625
1112,2020-03-03,24.6875
1113,2020-03-04,28.4375
1114,2020-03-05,25.3125
1115,2020-03-06,30.625
1116,2020-03-07,30.3125
1117,2020-03-08,34.6875
1118,2020-03-09,32.5
1119,2020-03-10,29.0625
1120,2020-03-11,34.375
1121,2020-03-12,29.0625
1122,2020-03-13,24.0625
1123,2020-03-14,23.125
1124,2020-03-15,26.875
1125,2020-03-16,19.6875
1126,2020-03-17,20.3125
1127,2020-03-18,22.8125
1128,2020-03-19,26.875
1129,2020-03-20,23.4375
1130,2020-03-21,32.5
1131,2020-03-22,22.8125
1132,2020-03-23,26.5625
1133,2020-03-24,25.9375
1134,2020-03-25,26.25
1135,2020-03-26,26.875
1136,2020-03-27,27.1875
1137,2020-03-28,27.5
1138,2020-03-29,28.125
1139,2020-03-30,29.0625
1140,2020-03-31,28.75
1141,2020-04-01,25.625
1142,2020-04-02,20.3125
1143,2020-04-03,33.125
1144,2020-04-04,33.125
1145,2020-04-05,32.1875
1146,2020-04-06,18.4375
1147,2020-04-07,18.4375
1148,2020-04-08,18.4375
1149,2020-04-09,18.4375
1150,2020-04-10,18.4375
1151,2020-04-11,18.4375
1152,2020-04-12,18.4375
1153,2020-04-13,18.4375
1154,2020-04-14,18.125
1155,2020-04-15,10.0
1156,2020-04-16,10.0
1157,2020-04-17,10.0
1158,2020-04-18,10.0
1159,2020-04-19,10.0
1160,2020-04-20,10.0
1161,2020-04-21,10.0
1162,2020-04-22,8.125
1163,2020-04-23,8.125
1164,2020-04-24,8.125
1165,2020-04-25,8.125
1166,2020-04-26,7.5
1167,2020-04-27,7.5
1168,2020-04-28,7.8125
1169,2020-04-29,8.125
1170,2020-04-30,7.8125
1171,2020-05-01,7.1875
1172,2020-05-02,7.1875
1173,2020-05-03,7.1875
1174,2020-05-04,7.1875
1175,2020-05-05,7.1875
1176,2020-05-06,6.875
1177,2020-05-07,6.5625
1178,2020-05-08,6.5625
1179,2020-05-09,6.5625
1180,2020-05-10,6.5625
1181,2020-05-11,6.5625
1182,2020-05-12,6.875
1183,2020-05-13,6.875
1184,2020-05-14,6.875
1185,2020-05-15,6.875
1186,2020-05-16,6.875
1187,2020-05-17,6.875
1188,2020-05-18,6.25
1189,2020-05-19,5.9375
1190,2020-05-20,5.9375
1191,2020-05-21,5.9375
1192,2020-05-22,6.25
1193,2020-05-23,6.25
1194,2020-05-24,6.25
1195,2020-05-25,6.5625
1196,2020-05-26,6.25
1197,2020-05-27,6.5625
1198,2020-05-28,6.875
1199,2020-05-29,6.875
1200,2020-05-30,6.5625
1201,2020-05-31,6.5625
1202,2020-06-01,6.5625
1203,2020-06-02,7.1875
1204,2020-06-03,7.1875
1205,2020-06-04,8.125
1206,2020-06-05,8.4375
1207,2020-06-06,8.4375
1208,2020-06-07,8.4375
1209,2020-06-08,8.75
1210,2020-06-09,8.4375
1211,2020-06-10,8.75
1212,2020-06-11,8.4375
1213,2020-06-12,9.375
1214,2020-06-13,9.375
1215,2020-06-14,8.125
1216,2020-06-15,8.4375
1217,2020-06-16,8.4375
1218,2020-06-17,8.125
1219,2020-06-18,8.125
1220,2020-06-19,8.125
1221,2020-06-20,8.125
1222,2020-06-21,8.125
1223,2020-06-22,8.125
1224,2020-06-23,8.4375
1225,2020-06-24,8.125
1226,2020-06-25,8.75
1227,2020-06-26,9.0625
1228,2020-06-27,9.375
1229,2020-06-28,9.375
1230,2020-06-29,9.375
1231,2020-06-30,9.375
1232,2020-07-01,10.3125
1233,2020-07-02,11.5625
1234,2020-07-03,12.5
1235,2020-07-04,11.875
1236,2020-07-05,11.5625
1237,2020-07-06,12.1875
1238,2020-07-07,12.1875
1239,2020-07-08,12.8125
1240,2020-07-09,13.125
1241,2020-07-10,12.8125
1242,2020-07-11,12.5
1243,2020-07-12,13.125
1244,2020-07-13,13.4375
1245,2020-07-14,14.0625
1246,2020-07-15,13.125
1247,2020-07-16,22.8125
1248,2020-07-17,24.0625
1249,2020-07-18,25.3125
1250,2020-07-19,24.0625
1251,2020-07-20,25.3125
1252,2020-07-21,25.3125
1253,2020-07-22,25.3125
1254,2020-07-23,18.75
1255,2020-07-24,15.0
1256,2020-07-25,14.6875
1257,2020-07-26,13.75
1258,2020-07-27,14.0625
1259,2020-07-28,14.0625
1260,2020-07-29,14.6875
1261,2020-07-30,13.75
1262,2020-07-31,13.75
1263,2020-08-01,13.125
1264,2020-08-02,13.125
1265,2020-08-03,12.8125
1266,2020-08-04,13.4375
1267,2020-08-05,14.0625
1268,2020-08-06,14.0625
1269,2020-08-07,13.4375
1270,2020-08-08,12.1875
1271,2020-08-09,14.6875
1272,2020-08-10,16.25
1273,2020-08-11,15.625
1274,2020-08-12,15.3125
1275,2020-08-13,14.0625
1276,2020-08-14,12.5
1277,2020-08-15,13.4375
1278,2020-08-16,14.0625
1279,2020-08-17,13.4375
1280,2020-08-18,12.5
1281,2020-08-19,12.1875
1282,2020-08-20,11.875
1283,2020-08-21,11.875
1284,2020-08-22,10.3125
1285,2020-08-23,12.8125
1286,2020-08-24,12.8125
1287,2020-08-25,13.4375
1288,2020-08-26,14.6875
1289,2020-08-27,14.375
1290,2020-08-28,18.125
1291,2020-08-29,20.9375
1292,2020-08-30,21.875
1293,2020-08-31,20.0
1294,2020-09-01,19.375
1295,2020-09-02,13.75
1296,2020-09-03,12.8125
1297,2020-09-04,12.1875
1298,2020-09-05,13.75
1299,2020-09-06,13.75
1300,2020-09-07,15.625
1301,2020-09-08,14.375
1302,2020-09-09,12.5
1303,2020-09-10,13.4375
1304,2020-09-11,12.1875
1305,2020-09-12,10.9375
1306,2020-09-13,10.3125
1307,2020-09-14,10.0
1308,2020-09-15,10.0
1309,2020-09-16,10.0
1310,2020-09-17,9.6875
1311,2020-09-18,10.0
1312,2020-09-19,9.375
1313,2020-09-20,10.0
1314,2020-09-21,11.25
1315,2020-09-22,10.625
1316,2020-09-23,9.6875
1317,2020-09-24,10.9375
1318,2020-09-25,9.6875
1319,2020-09-26,12.1875
1320,2020-09-27,12.8125
1321,2020-09-28,11.25
1322,2020-09-29,11.5625
1323,2020-09-30,10.9375
1324,2020-10-01,14.375
1325,2020-10-02,29.0625
1326,2020-10-03,37.1875
1327,2020-10-04,34.375
1328,2020-10-05,25.0
1329,2020-10-06,17.8125
1330,2020-10-07,23.4375
1331,2020-10-08,24.6875
1332,2020-10-09,20.0
1333,2020-10-10,27.8125
1334,2020-10-11,24.375
1335,2020-10-12,14.6875
1336,2020-10-13,18.4375
1337,2020-10-14,18.125
1338,2020-10-15,18.4375
1339,2020-10-16,23.125
1340,2020-10-17,24.0625
1341,2020-10-18,25.0
1342,2020-10-19,22.5
1343,2020-10-20,21.25
1344,2020-10-21,21.875
1345,2020-10-22,20.9375
1346,2020-10-23,19.6875
1347,2020-10-24,25.3125
1348,2020-10-25,23.75
1349,2020-10-26,21.5625
1350,2020-10-27,21.5625
1351,2020-10-28,22.8125
1352,2020-10-29,24.0625
1353,2020-10-30,27.8125
1354,2020-10-31,27.8125
1355,2020-11-01,21.5625
1356,2020-11-02,18.4375
1357,2020-11-03,15.3125
1358,2020-11-04,13.75
1359,2020-11-05,16.875
1360,2020-11-06,21.875
1361,2020-11-07,24.6875
1362,2020-11-08,26.5625
1363,2020-11-09,17.1875
1364,2020-11-10,15.0
1365,2020-11-11,15.0
1366,2020-11-12,12.1875
1367,2020-11-13,9.0625
1368,2020-11-14,10.625
1369,2020-11-15,19.0625
1370,2020-11-16,21.5625
1371,2020-11-17,18.125
1372,2020-11-18,17.8125
1373,2020-11-19,19.375
1374,2020-11-20,21.875
1375,2020-11-21,24.0625
1376,2020-11-22,22.1875
1377,2020-11-23,21.5625
1378,2020-11-24,19.375
1379,2020-11-25,14.375
1380,2020-11-26,17.8125
1381,2020-11-27,20.9375
1382,2020-11-28,28.75
1383,2020-11-29,30.9375
1384,2020-11-30,19.6875
1385,2020-12-01,15.3125
1386,2020-12-02,16.5625
1387,2020-12-03,12.5
1388,2020-12-04,22.1875
1389,2020-12-05,28.4375
1390,2020-12-06,30.625
1391,2020-12-07,20.9375
1392,2020-12-08,15.625
1393,2020-12-09,14.6875
1394,2020-12-10,14.0625
1395,2020-12-11,24.0625
1396,2020-12-12,31.25
1397,2020-12-13,26.5625
1398,2020-12-14,22.5
1399,2020-12-15,25.3125
1400,2020-12-16,20.3125
1401,2020-12-17,19.375
1402,2020-12-18,25.625
1403,2020-12-19,34.0625
1404,2020-12-20,29.6875
1405,2020-12-21,30.9375
1406,2020-12-22,29.6875
1407,2020-12-23,29.375
1408,2020-12-24,32.5
1409,2020-12-25,35.3125
1410,2020-12-26,33.125
1411,2020-12-27,34.0625
1412,2020-12-28,37.8125
1413,2020-12-29,32.8125
1414,2020-12-30,36.5625
1415,2020-12-31,33.75
1416,2021-01-01,28.4375
1417,2021-01-02,26.875
1418,2021-01-03,35.3125
1419,2021-01-04,22.5
1420,2021-01-05,13.75
1421,2021-01-06,13.75
1422,2021-01-07,17.8125
1423,2021-01-08,25.9375
1424,2021-01-09,20.625
1425,2021-01-10,11.875
1426,2021-01-11,8.75
1427,2021-01-12,8.125
1428,2021-01-13,11.5625
1429,2021-01-14,17.1875
1430,2021-01-15,18.75
1431,2021-01-16,25.3125
1432,2021-01-17,28.75
1433,2021-01-18,27.5
1434,2021-01-19,19.6875
1435,2021-01-20,9.0625
1436,2021-01-21,15.625
1437,2021-01-22,26.875
1438,2021-01-23,31.875
1439,2021-01-24,29.6875
1440,2021-01-25,24.6875
1441,2021-01-26,20.9375
1442,2021-01-27,12.5
1443,2021-01-28,17.1875
1444,2021-01-29,27.8125
1445,2021-01-30,28.125
1446,2021-01-31,22.1875
1447,2021-02-01,10.625
1448,2021-02-02,8.75
1449,2021-02-03,17.5
1450,2021-02-04,19.375
1451,2021-02-05,19.0625
1452,2021-02-06,24.0625
1453,2021-02-07,19.375
1454,2021-02-08,12.1875
1455,2021-02-09,6.875
1456,2021-02-10,7.1875
1457,2021-02-11,13.75
1458,2021-02-12,20.625
1459,2021-02-13,22.5
1460,2021-02-14,17.5
1461,2021-02-15,11.25
1462,2021-02-16,9.6875
1463,2021-02-17,13.125
1464,2021-02-18,18.75
1465,2021-02-19,19.0625
1466,2021-02-20,24.0625
1467,2021-02-21,18.4375
1468,2021-02-22,12.1875
1469,2021-02-23,8.75
1470,2021-02-24,8.4375
1471,2021-02-25,7.8125
1472,2021-02-26,10.625
1473,2021-02-27,18.125
1474,2021-02-28,17.5
1475,2021-03-01,12.5
1476,2021-03-02,10.9375
1477,2021-03-03,10.9375
1478,2021-03-04,12.1875
1479,2021-03-05,9.375
1480,2021-03-06,13.125
1481,2021-03-07,14.375
1482,2021-03-08,13.4375
1483,2021-03-09,10.3125
1484,2021-03-10,14.0625
1485,2021-03-11,15.625
1486,2021-03-12,21.875
1487,2021-03-13,28.4375
1488,2021-03-14,30.625
1489,2021-03-15,19.6875
1490,2021-03-16,10.3125
1491,2021-03-17,7.1875
1492,2021-03-18,15.9375
1493,2021-03-19,22.8125
1494,2021-03-20,28.4375
1495,2021-03-21,20.625
1496,2021-03-22,11.875
1497,2021-03-23,5.0
1498,2021-03-24,8.125
1499,2021-03-25,10.625
1500,2021-03-26,20.3125
1501,2021-03-27,31.5625
1502,2021-03-28,28.4375
1503,2021-03-29,25.0
1504,2021-03-30,22.5
1505,2021-03-31,23.75
1506,2021-04-01,18.125
1507,2021-04-02,24.6875
1508,2021-04-03,25.625
1509,2021-04-04,24.6875
1510,2021-04-05,14.0625
1511,2021-04-06,5.3125
1512,2021-04-07,14.0625
1513,2021-04-08,18.75
1514,2021-04-09,21.5625
1515,2021-04-10,23.4375
1516,2021-04-11,23.4375
1517,2021-04-12,14.6875
1518,2021-04-13,10.3125
1519,2021-04-14,9.6875
1520,2021-04-15,10.0
1521,2021-04-16,17.5
1522,2021-04-17,25.625
1523,2021-04-18,16.5625
1524,2021-04-19,11.875
1525,2021-04-20,8.125
1526,2021-04-21,6.25
1527,2021-04-22,6.25
1528,2021-04-23,10.0
1529,2021-04-24,10.9375
1530,2021-04-25,8.125
1531,2021-04-26,6.5625
1532,2021-04-27,5.0
1533,2021-04-28,4.375
1534,2021-04-29,5.3125
1535,2021-04-30,4.0625
1536,2021-05-01,5.0
1537,2021-05-02,5.9375
1538,2021-05-03,4.375
1539,2021-05-04,3.125
1540,2021-05-05,3.125
1541,2021-05-06,2.8125
1542,2021-05-07,3.125
1543,2021-05-08,3.4375
1544,2021-05-09,3.125
1545,2021-05-10,3.4375
1546,2021-05-11,3.75
1547,2021-05-12,3.4375
1548,2021-05-13,3.125
1549,2021-05-14,2.8125
1550,2021-05-15,2.8125
1551,2021-05-16,2.5
1552,2021-05-17,2.5
1553,2021-05-18,2.8125
1554,2021-05-19,3.125
1555,2021-05-20,2.1875
1556,2021-05-21,1.5625
1557,2021-05-22,1.5625
1558,2021-05-23,1.25
1559,2021-05-24,1.25
1560,2021-05-25,1.875
1561,2021-05-26,1.875
1562,2021-05-27,2.5
1563,2021-05-28,2.8125
1564,2021-05-29,5.625
1565,2021-05-30,8.125
1566,2021-05-31,6.25
1567,2021-06-01,4.375
1568,2021-06-02,4.0625
1569,2021-06-03,2.8125
1570,2021-06-04,3.4375
1571,2021-06-05,3.75
1572,2021-06-06,2.1875
1573,2021-06-07,2.1875
1574,2021-06-08,2.1875
1575,2021-06-09,2.1875
1576,2021-06-10,2.1875
1577,2021-06-11,5.625
1578,2021-06-12,7.8125
1579,2021-06-13,6.5625
1580,2021-06-14,5.3125
1581,2021-06-15,3.125
1582,2021-06-16,2.8125
1583,2021-06-17,7.1875
1584,2021-06-18,9.0625
1585,2021-06-19,14.0625
1586,2021-06-20,9.0625
1587,2021-06-21,13.4375
1588,2021-06-22,13.125
1589,2021-06-23,6.5625
1590,2021-06-24,6.875
1591,2021-06-25,6.5625
1592,2021-06-26,10.9375
1593,2021-06-27,13.125
1594,2021-06-28,9.375
1595,2021-06-29,6.25
1596,2021-06-30,5.625
1597,2021-07-01,5.9375
1598,2021-07-02,12.5
1599,2021-07-03,18.75
1600,2021-07-04,13.125
1601,2021-07-05,12.8125
1602,2021-07-06,9.375
1603,2021-07-07,5.9375
1604,2021-07-08,7.1875
1605,2021-07-09,13.125
1606,2021-07-10,18.4375
1607,2021-07-11,18.125
1608,2021-07-12,12.1875
1609,2021-07-13,9.6875
1610,2021-07-14,11.25
1611,2021-07-15,13.4375
1612,2021-07-16,17.8125
1613,2021-07-17,18.75
1614,2021-07-18,14.6875
1615,2021-07-19,10.9375
1616,2021-07-20,10.625
1617,2021-07-21,10.3125
1618,2021-07-22,10.0
1619,2021-07-23,16.875
1620,2021-07-24,20.9375
1621,2021-07-25,21.875
1622,2021-07-26,20.0
1623,2021-07-27,7.1875
1624,2021-07-28,7.5
1625,2021-07-29,14.375
1626,2021-07-30,21.875
1627,2021-07-31,23.4375
1628,2021-08-01,19.375
1629,2021-08-02,9.6875
1630,2021-08-03,5.3125
1631,2021-08-04,5.9375
1632,2021-08-05,11.5625
1633,2021-08-06,15.625
1634,2021-08-07,24.375
1635,2021-08-08,23.4375
1636,2021-08-09,15.625
1637,2021-08-10,8.75
1638,2021-08-11,8.4375
1639,2021-08-12,11.875
1640,2021-08-13,12.5
1641,2021-08-14,16.5625
1642,2021-08-15,17.5
1643,2021-08-16,18.125
1644,2021-08-17,12.5
1645,2021-08-18,11.25
1646,2021-08-19,15.0
1647,2021-08-20,14.0625
1648,2021-08-21,20.0
1649,2021-08-22,21.5625
1650,2021-08-23,16.5625
1651,2021-08-24,10.0
1652,2021-08-25,9.375
1653,2021-08-26,15.0
1654,2021-08-27,21.875
1655,2021-08-28,23.4375
1656,2021-08-29,19.6875
1657,2021-08-30,17.8125
1658,2021-08-31,15.9375
1659,2021-09-01,13.75
1660,2021-09-02,12.1875
1661,2021-09-03,11.875
1662,2021-09-04,22.5
1663,2021-09-05,16.5625
1664,2021-09-06,6.875
1665,2021-09-07,7.1875
1666,2021-09-08,6.875
1667,2021-09-09,10.0
1668,2021-09-10,16.25
1669,2021-09-11,18.75
1670,2021-09-12,14.6875
1671,2021-09-13,13.75
1672,2021-09-14,15.0
1673,2021-09-15,15.625
1674,2021-09-16,16.875
1675,2021-09-17,15.9375
1676,2021-09-18,21.25
1677,2021-09-19,15.9375
1678,2021-09-20,9.6875
1679,2021-09-21,10.625
1680,2021-09-22,10.9375
1681,2021-09-23,12.8125
1682,2021-09-24,21.5625
1683,2021-09-25,27.5
1684,2021-09-26,22.1875
1685,2021-09-27,15.9375
1686,2021-09-28,14.0625
1687,2021-09-29,14.0625
1688,2021-09-30,17.8125
1689,2021-10-01,20.0
1690,2021-10-02,26.5625
1691,2021-10-03,23.75
1692,2021-10-04,15.3125
1693,2021-10-05,9.0625
1694,2021-10-06,9.375
1695,2021-10-07,13.4375
1696,2021-10-08,20.0
1697,2021-10-09,28.75
1698,2021-10-10,25.625
1699,2021-10-11,16.25
1700,2021-10-12,20.3125
1701,2021-10-13,20.625
1702,2021-10-14,24.0625
1703,2021-10-15,30.9375
1704,2021-10-16,29.6875
1705,2021-10-17,31.875
1706,2021-10-18,34.0625
1707,2021-10-19,30.625
1708,2021-10-20,16.875
1709,2021-10-21,20.625
1710,2021-10-22,29.375
1711,2021-10-23,28.125
1712,2021-10-24,26.875
1713,2021-10-25,17.8125
1714,2021-10-26,8.4375
1715,2021-10-27,9.375
1716,2021-10-28,14.375
1717,2021-10-29,17.1875
1718,2021-10-30,25.625
1719,2021-10-31,24.375
1720,2021-11-01,15.625
1721,2021-11-02,10.0
1722,2021-11-03,12.1875
1723,2021-11-04,17.5
1724,2021-11-05,26.875
1725,2021-11-06,25.625
1726,2021-11-07,20.0
1727,2021-11-08,12.8125
1728,2021-11-09,9.375
1729,2021-11-10,10.3125
1730,2021-11-11,9.375
1731,2021-11-12,21.5625
1732,2021-11-13,25.0
1733,2021-11-14,16.25
1734,2021-11-15,9.375
1735,2021-11-16,7.1875
1736,2021-11-17,9.375
1737,2021-11-18,17.8125
1738,2021-11-19,22.1875
1739,2021-11-20,25.625
1740,2021-11-21,18.4375
1741,2021-11-22,6.875
1742,2021-11-23,5.9375
1743,2021-11-24,5.9375
1744,2021-11-25,13.75
1745,2021-11-26,26.25
1746,2021-11-27,28.4375
1747,2021-11-28,23.125
1748,2021-11-29,10.9375
1749,2021-11-30,9.6875
1750,2021-12-01,10.3125
1751,2021-12-02,13.75
1752,2021-12-03,23.4375
1753,2021-12-04,27.5
1754,2021-12-05,24.6875
1755,2021-12-06,16.875
1756,2021-12-07,13.75
1757,2021-12-08,15.625
1758,2021-12-09,24.375
1759,2021-12-10,27.5
1760,2021-12-11,30.0
1761,2021-12-12,23.75
1762,2021-12-13,13.4375
1763,2021-12-14,8.125
1764,2021-12-15,7.1875
1765,2021-12-16,17.5
1766,2021-12-17,25.3125
1767,2021-12-18,27.8125
1768,2021-12-19,25.0
1769,2021-12-20,20.9375
1770,2021-12-21,21.5625
1771,2021-12-22,20.9375
1772,2021-12-23,26.875
1773,2021-12-24,34.0625
1774,2021-12-25,33.4375
1775,2021-12-26,30.625
1776,2021-12-27,29.375
1777,2021-12-28,25.3125
1778,2021-12-29,27.1875
1779,2021-12-30,26.875
1780,2021-12-31,25.0
1781,2022-01-01,28.75
1782,2022-01-02,26.25
1783,2022-01-03,23.4375
1784,2022-01-04,19.6875
1785,2022-01-05,13.75
1786,2022-01-06,20.625
1787,2022-01-07,20.0
1788,2022-01-08,15.625
1789,2022-01-09,17.1875
1790,2022-01-10,11.5625
1791,2022-01-11,8.125
1792,2022-01-12,10.625
1793,2022-01-13,9.0625
1794,2022-01-14,11.875
1795,2022-01-15,15.625
1796,2022-01-16,11.875
1797,2022-01-17,5.625
1798,2022-01-18,5.625
1799,2022-01-19,5.0
1800,2022-01-20,13.4375
1801,2022-01-21,19.0625
1802,2022-01-22,19.0625
1803,2022-01-23,18.4375
1804,2022-01-24,18.75
1805,2022-01-25,9.6875
1806,2022-01-26,7.5
1807,2022-01-27,11.5625
1808,2022-01-28,20.3125
1809,2022-01-29,21.875
1810,2022-01-30,17.1875
1811,2022-01-31,14.375
1812,2022-02-01,8.125
1813,2022-02-02,7.5
1814,2022-02-03,10.625
1815,2022-02-04,15.9375
1816,2022-02-05,18.4375
1817,2022-02-06,17.1875
1818,2022-02-07,10.9375
1819,2022-02-08,6.5625
1820,2022-02-09,4.375
1821,2022-02-10,8.125
1822,2022-02-11,14.375
1823,2022-02-12,22.1875
1824,2022-02-13,18.4375
1825,2022-02-14,8.75
1826,2022-02-15,4.6875
1827,2022-02-16,4.375
1828,2022-02-17,6.25
1829,2022-02-18,17.5
1830,2022-02-19,26.875
1831,2022-02-20,20.625
1832,2022-02-21,11.875
1833,2022-02-22,6.25
1834,2022-02-23,7.5
1835,2022-02-24,12.1875
1836,2022-02-25,23.125
1837,2022-02-26,27.8125
1838,2022-02-27,29.6875
1839,2022-02-28,27.5
1840,2022-03-01,20.0
1841,2022-03-02,18.75
1842,2022-03-03,19.0625
1843,2022-03-04,25.3125
1844,2022-03-05,31.5625
1845,2022-03-06,32.1875
1846,2022-03-07,26.5625
1847,2022-03-08,14.375
1848,2022-03-09,23.125
1849,2022-03-10,25.625
1850,2022-03-11,27.5
1851,2022-03-12,26.5625
1852,2022-03-13,29.6875
1853,2022-03-14,21.875
1854,2022-03-15,11.875
1855,2022-03-16,15.0
1856,2022-03-17,28.125
1857,2022-03-18,26.25
1858,2022-03-19,26.25
1859,2022-03-20,25.625
1860,2022-03-21,20.3125
1861,2022-03-22,21.25
1862,2022-03-23,20.9375
1863,2022-03-24,23.75
1864,2022-03-25,30.625
1865,2022-03-26,31.875
1866,2022-03-27,30.3125
1867,2022-03-28,22.5
1868,2022-03-29,13.75
1869,2022-03-30,26.5625
1870,2022-03-31,25.0
1871,2022-04-01,38.125
1872,2022-04-02,28.125
1873,2022-04-03,31.5625
1874,2022-04-04,24.6875
1875,2022-04-05,18.4375
1876,2022-04-06,18.125
1877,2022-04-07,24.0625
1878,2022-04-08,26.875
1879,2022-04-09,27.1875
1880,2022-04-10,21.875
1881,2022-04-11,15.9375
1882,2022-04-12,11.875
1883,2022-04-13,20.3125
1884,2022-04-14,26.5625
1885,2022-04-15,28.125
1886,2022-04-16,27.8125
1887,2022-04-17,28.75
1888,2022-04-18,23.75
1889,2022-04-19,21.5625
1890,2022-04-20,20.625
1891,2022-04-21,24.0625
1892,2022-04-22,26.875
1893,2022-04-23,30.3125
1894,2022-04-24,24.375
1895,2022-04-25,21.25
1896,2022-04-26,16.25
1897,2022-04-27,12.1875
1898,2022-04-28,18.4375
1899,2022-04-29,23.125
1900,2022-04-30,27.8125
1901,2022-05-01,25.9375
1902,2022-05-02,23.125
1903,2022-05-03,25.625
1904,2022-05-04,20.3125
1905,2022-05-05,22.5
1906,2022-05-06,24.375
1907,2022-05-07,25.9375
1908,2022-05-08,26.875
1909,2022-05-09,16.5625
1910,2022-05-10,23.125
1911,2022-05-11,20.0
1912,2022-05-12,26.25
1913,2022-05-13,28.75
1914,2022-05-14,26.25
1915,2022-05-15,25.625
1916,2022-05-16,28.75
1917,2022-05-17,26.875
1918,2022-05-18,26.25
1919,2022-05-19,27.5
1920,2022-05-20,26.25
1921,2022-05-21,30.0
1922,2022-05-22,26.875
1923,2022-05-23,25.625
1924,2022-05-24,25.3125
1925,2022-05-25,25.3125
1926,2022-05-26,23.4375
1927,2022-05-27,28.4375
1928,2022-05-28,28.75
1929,2022-05-29,23.4375
1930,2022-05-30,23.4375
1931,2022-05-31,22.5
